{
  "/home/user/Verttige972/index.html": 1777578218.5989246,
  "/home/user/Verttige972/CLAUDE.md": 1777505651.0895743,
  "/home/user/Verttige972/skills/security.md": 1777505651.5669012,
  "/home/user/Verttige972/skills/know-me.md": 1777505651.5669012,
  "/home/user/Verttige972/skills/frontend-design.md": 1777505651.5638387,
  "/home/user/Verttige972/liens/index.html": 1777505649.7718387,
  "/home/user/Verttige972/images/_TCA0240.jpeg": 1777505651.4918387,
  "/home/user/Verttige972/images/F586D5D6-4F9C-433E-9C2E-4E76E7D63035.jpeg": 1777505651.1718388,
  "/home/user/Verttige972/images/IMG_2898.jpeg": 1777505651.2158387,
  "/home/user/Verttige972/images/_TCA0222.jpeg": 1777505651.4398386,
  "/home/user/Verttige972/images/_TCA0170.jpeg": 1777505651.4358387,
  "/home/user/Verttige972/images/_TCA0118.jpeg": 1777505651.3878388,
  "/home/user/Verttige972/images/DSC09516.jpeg": 1777505651.1678388,
  "/home/user/Verttige972/images/IMG_3662.jpeg": 1777505651.2198389,
  "/home/user/Verttige972/images/IMG_3675.jpeg": 1777505651.2638388,
  "/home/user/Verttige972/images/_TCA0226.jpeg": 1777505651.4438388,
  "/home/user/Verttige972/images/IMG_3682.jpeg": 1777505651.2638388,
  "/home/user/Verttige972/images/_TCA0219.jpeg": 1777505651.4358387,
  "/home/user/Verttige972/images/IMG_3659.jpeg": 1777505651.2198389,
  "/home/user/Verttige972/images/IMG_3668.jpeg": 1777505651.2598388,
  "/home/user/Verttige972/images/IMG_2995.jpeg": 1777505651.2158387,
  "/home/user/Verttige972/images/IMG_2520.jpeg": 1777505651.1718388,
  "/home/user/Verttige972/images/_TCA0166.jpeg": 1777505651.3918388,
  "/home/user/Verttige972/images/_TCA0233.jpeg": 1777505651.4918387,
  "/home/user/Verttige972/images/IMG_8651.jpeg": 1777505651.3398387,
  "/home/user/Verttige972/images/_TCA0115.jpeg": 1777505651.3878388,
  "/home/user/Verttige972/images/IMG_6214.jpeg": 1777505651.2678387,
  "/home/user/Verttige972/images/IMG_8623.jpeg": 1777505651.3398387
}